#
# DUMP FILE
#
# Database is ported from MS Access
#------------------------------------------------------------------
# Created using "MS Access to MySQL" form http://www.bullzip.com
# Program Version 5.5.282
#
# OPTIONS:
#   sourcefilename=C:/Users/leebr/Documents/MS_in_CS/CSCI 6410 Database Systems Design/Ch07_db_Access/Ch07_SaleCo.mdb
#   sourceusername=
#   sourcepassword=
#   sourcesystemdatabase=
#   destinationdatabase=movedb
#   storageengine=MyISAM
#   dropdatabase=0
#   createtables=1
#   unicode=1
#   autocommit=1
#   transferdefaultvalues=1
#   transferindexes=1
#   transferautonumbers=1
#   transferrecords=1
#   columnlist=1
#   tableprefix=
#   negativeboolean=0
#   ignorelargeblobs=0
#   memotype=LONGTEXT
#   datetimetype=DATETIME
#

CREATE DATABASE IF NOT EXISTS `movedb`;
USE `movedb`;

#
# Table structure for table 'CUSTOMER'
#

DROP TABLE IF EXISTS `CUSTOMER`;

CREATE TABLE `CUSTOMER` (
  `CUS_CODE` INTEGER NOT NULL DEFAULT 0, 
  `CUS_LNAME` VARCHAR(15), 
  `CUS_FNAME` VARCHAR(15), 
  `CUS_INITIAL` VARCHAR(1), 
  `CUS_AREACODE` VARCHAR(3), 
  `CUS_PHONE` VARCHAR(8), 
  `CUS_BALANCE` DECIMAL(18,2) DEFAULT 0, 
  PRIMARY KEY (`CUS_CODE`)
) ENGINE=myisam DEFAULT CHARSET=utf8;

SET autocommit=1;

#
# Dumping data for table 'CUSTOMER'
#

INSERT INTO `CUSTOMER` (`CUS_CODE`, `CUS_LNAME`, `CUS_FNAME`, `CUS_INITIAL`, `CUS_AREACODE`, `CUS_PHONE`, `CUS_BALANCE`) VALUES (10010, 'Ramas', 'Alfred', 'A', '615', '844-2573', 0);
INSERT INTO `CUSTOMER` (`CUS_CODE`, `CUS_LNAME`, `CUS_FNAME`, `CUS_INITIAL`, `CUS_AREACODE`, `CUS_PHONE`, `CUS_BALANCE`) VALUES (10011, 'Dunne', 'Leona', 'K', '713', '894-1238', 0);
INSERT INTO `CUSTOMER` (`CUS_CODE`, `CUS_LNAME`, `CUS_FNAME`, `CUS_INITIAL`, `CUS_AREACODE`, `CUS_PHONE`, `CUS_BALANCE`) VALUES (10012, 'Smith', 'Kathy', 'W', '615', '894-2285', 345.86);
INSERT INTO `CUSTOMER` (`CUS_CODE`, `CUS_LNAME`, `CUS_FNAME`, `CUS_INITIAL`, `CUS_AREACODE`, `CUS_PHONE`, `CUS_BALANCE`) VALUES (10013, 'Olowski', 'Paul', 'F', '615', '894-2180', 536.75);
INSERT INTO `CUSTOMER` (`CUS_CODE`, `CUS_LNAME`, `CUS_FNAME`, `CUS_INITIAL`, `CUS_AREACODE`, `CUS_PHONE`, `CUS_BALANCE`) VALUES (10014, 'Orlando', 'Myron', NULL, '615', '222-1672', 0);
INSERT INTO `CUSTOMER` (`CUS_CODE`, `CUS_LNAME`, `CUS_FNAME`, `CUS_INITIAL`, `CUS_AREACODE`, `CUS_PHONE`, `CUS_BALANCE`) VALUES (10015, 'O\'Brian', 'Amy', 'B', '713', '442-3381', 0);
INSERT INTO `CUSTOMER` (`CUS_CODE`, `CUS_LNAME`, `CUS_FNAME`, `CUS_INITIAL`, `CUS_AREACODE`, `CUS_PHONE`, `CUS_BALANCE`) VALUES (10016, 'Brown', 'James', 'G', '615', '297-1228', 221.19);
INSERT INTO `CUSTOMER` (`CUS_CODE`, `CUS_LNAME`, `CUS_FNAME`, `CUS_INITIAL`, `CUS_AREACODE`, `CUS_PHONE`, `CUS_BALANCE`) VALUES (10017, 'Williams', 'George', NULL, '615', '290-2556', 768.93);
INSERT INTO `CUSTOMER` (`CUS_CODE`, `CUS_LNAME`, `CUS_FNAME`, `CUS_INITIAL`, `CUS_AREACODE`, `CUS_PHONE`, `CUS_BALANCE`) VALUES (10018, 'Farriss', 'Anne', 'G', '713', '382-7185', 216.55);
INSERT INTO `CUSTOMER` (`CUS_CODE`, `CUS_LNAME`, `CUS_FNAME`, `CUS_INITIAL`, `CUS_AREACODE`, `CUS_PHONE`, `CUS_BALANCE`) VALUES (10019, 'Smith', 'Olette', 'K', '615', '297-3809', 0);
# 10 records

#
# Table structure for table 'CUSTOMER_2'
#

DROP TABLE IF EXISTS `CUSTOMER_2`;

CREATE TABLE `CUSTOMER_2` (
  `CUS_CODE` INTEGER NOT NULL DEFAULT 0, 
  `CUS_LNAME` VARCHAR(15), 
  `CUS_FNAME` VARCHAR(15), 
  `CUS_INITIAL` VARCHAR(1), 
  `CUS_AREACODE` VARCHAR(3), 
  `CUS_PHONE` VARCHAR(8), 
  INDEX (`CUS_AREACODE`), 
  PRIMARY KEY (`CUS_CODE`)
) ENGINE=myisam DEFAULT CHARSET=utf8;

SET autocommit=1;

#
# Dumping data for table 'CUSTOMER_2'
#

INSERT INTO `CUSTOMER_2` (`CUS_CODE`, `CUS_LNAME`, `CUS_FNAME`, `CUS_INITIAL`, `CUS_AREACODE`, `CUS_PHONE`) VALUES (345, 'Terrell', 'Justine', 'H', '615', '322-9870');
INSERT INTO `CUSTOMER_2` (`CUS_CODE`, `CUS_LNAME`, `CUS_FNAME`, `CUS_INITIAL`, `CUS_AREACODE`, `CUS_PHONE`) VALUES (347, 'Olowski', 'Paul', 'F', '615', '894-2180');
INSERT INTO `CUSTOMER_2` (`CUS_CODE`, `CUS_LNAME`, `CUS_FNAME`, `CUS_INITIAL`, `CUS_AREACODE`, `CUS_PHONE`) VALUES (351, 'Hernandez', 'Carlos', 'J', '723', '123-7654');
INSERT INTO `CUSTOMER_2` (`CUS_CODE`, `CUS_LNAME`, `CUS_FNAME`, `CUS_INITIAL`, `CUS_AREACODE`, `CUS_PHONE`) VALUES (352, 'McDowell', 'George', NULL, '723', '123-7768');
INSERT INTO `CUSTOMER_2` (`CUS_CODE`, `CUS_LNAME`, `CUS_FNAME`, `CUS_INITIAL`, `CUS_AREACODE`, `CUS_PHONE`) VALUES (365, 'Tirpin', 'Khaleed', 'G', '723', '123-9876');
INSERT INTO `CUSTOMER_2` (`CUS_CODE`, `CUS_LNAME`, `CUS_FNAME`, `CUS_INITIAL`, `CUS_AREACODE`, `CUS_PHONE`) VALUES (368, 'Lewis', 'Marie', 'J', '734', '332-1789');
INSERT INTO `CUSTOMER_2` (`CUS_CODE`, `CUS_LNAME`, `CUS_FNAME`, `CUS_INITIAL`, `CUS_AREACODE`, `CUS_PHONE`) VALUES (369, 'Dunne', 'Leona', 'K', '713', '894-1238');
# 7 records

#
# Table structure for table 'EMP'
#

DROP TABLE IF EXISTS `EMP`;

CREATE TABLE `EMP` (
  `EMP_NUM` INTEGER NOT NULL DEFAULT 0, 
  `EMP_TITLE` VARCHAR(4), 
  `EMP_LNAME` VARCHAR(15), 
  `EMP_FNAME` VARCHAR(15), 
  `EMP_INITIAL` VARCHAR(1), 
  `EMP_DOB` DATETIME, 
  `EMP_HIRE_DATE` DATETIME, 
  `EMP_AREACODE` VARCHAR(3), 
  `EMP_PHONE` VARCHAR(8), 
  `EMP_MGR` INTEGER DEFAULT 0, 
  INDEX (`EMP_AREACODE`), 
  PRIMARY KEY (`EMP_NUM`)
) ENGINE=myisam DEFAULT CHARSET=utf8;

SET autocommit=1;

#
# Dumping data for table 'EMP'
#

INSERT INTO `EMP` (`EMP_NUM`, `EMP_TITLE`, `EMP_LNAME`, `EMP_FNAME`, `EMP_INITIAL`, `EMP_DOB`, `EMP_HIRE_DATE`, `EMP_AREACODE`, `EMP_PHONE`, `EMP_MGR`) VALUES (100, 'Mr.', 'Kolmycz', 'George', 'D', '1942-06-15 00:00:00', '1985-03-15 00:00:00', '615', '324-5456', NULL);
INSERT INTO `EMP` (`EMP_NUM`, `EMP_TITLE`, `EMP_LNAME`, `EMP_FNAME`, `EMP_INITIAL`, `EMP_DOB`, `EMP_HIRE_DATE`, `EMP_AREACODE`, `EMP_PHONE`, `EMP_MGR`) VALUES (101, 'Ms.', 'Lewis', 'Rhonda', 'G', '1965-03-19 00:00:00', '1986-04-25 00:00:00', '615', '324-4472', 100);
INSERT INTO `EMP` (`EMP_NUM`, `EMP_TITLE`, `EMP_LNAME`, `EMP_FNAME`, `EMP_INITIAL`, `EMP_DOB`, `EMP_HIRE_DATE`, `EMP_AREACODE`, `EMP_PHONE`, `EMP_MGR`) VALUES (102, 'Mr.', 'VanDam', 'Rhett', NULL, '1958-11-14 00:00:00', '1990-12-20 00:00:00', '901', '675-8993', 100);
INSERT INTO `EMP` (`EMP_NUM`, `EMP_TITLE`, `EMP_LNAME`, `EMP_FNAME`, `EMP_INITIAL`, `EMP_DOB`, `EMP_HIRE_DATE`, `EMP_AREACODE`, `EMP_PHONE`, `EMP_MGR`) VALUES (103, 'Ms.', 'Jones', 'Anne', 'M', '1974-10-16 00:00:00', '1994-08-28 00:00:00', '615', '898-3456', 100);
INSERT INTO `EMP` (`EMP_NUM`, `EMP_TITLE`, `EMP_LNAME`, `EMP_FNAME`, `EMP_INITIAL`, `EMP_DOB`, `EMP_HIRE_DATE`, `EMP_AREACODE`, `EMP_PHONE`, `EMP_MGR`) VALUES (104, 'Mr.', 'Lange', 'John', 'P', '1971-11-08 00:00:00', '1994-10-20 00:00:00', '901', '504-4430', 105);
INSERT INTO `EMP` (`EMP_NUM`, `EMP_TITLE`, `EMP_LNAME`, `EMP_FNAME`, `EMP_INITIAL`, `EMP_DOB`, `EMP_HIRE_DATE`, `EMP_AREACODE`, `EMP_PHONE`, `EMP_MGR`) VALUES (105, 'Mr.', 'Williams', 'Robert', 'D', '1975-03-14 00:00:00', '1998-11-08 00:00:00', '615', '890-3220', NULL);
INSERT INTO `EMP` (`EMP_NUM`, `EMP_TITLE`, `EMP_LNAME`, `EMP_FNAME`, `EMP_INITIAL`, `EMP_DOB`, `EMP_HIRE_DATE`, `EMP_AREACODE`, `EMP_PHONE`, `EMP_MGR`) VALUES (106, 'Mrs.', 'Smith', 'Jeanine', 'K', '1968-02-12 00:00:00', '1989-01-05 00:00:00', '615', '324-7883', 105);
INSERT INTO `EMP` (`EMP_NUM`, `EMP_TITLE`, `EMP_LNAME`, `EMP_FNAME`, `EMP_INITIAL`, `EMP_DOB`, `EMP_HIRE_DATE`, `EMP_AREACODE`, `EMP_PHONE`, `EMP_MGR`) VALUES (107, 'Mr.', 'Diante', 'Jorge', 'D', '1974-08-21 00:00:00', '1994-07-02 00:00:00', '615', '890-4567', 105);
INSERT INTO `EMP` (`EMP_NUM`, `EMP_TITLE`, `EMP_LNAME`, `EMP_FNAME`, `EMP_INITIAL`, `EMP_DOB`, `EMP_HIRE_DATE`, `EMP_AREACODE`, `EMP_PHONE`, `EMP_MGR`) VALUES (108, 'Mr.', 'Wiesenbach', 'Paul', 'R', '1966-02-14 00:00:00', '1992-11-18 00:00:00', '615', '897-4358', NULL);
INSERT INTO `EMP` (`EMP_NUM`, `EMP_TITLE`, `EMP_LNAME`, `EMP_FNAME`, `EMP_INITIAL`, `EMP_DOB`, `EMP_HIRE_DATE`, `EMP_AREACODE`, `EMP_PHONE`, `EMP_MGR`) VALUES (109, 'Mr.', 'Smith', 'George', 'K', '1961-06-18 00:00:00', '1989-04-14 00:00:00', '901', '504-3339', 108);
INSERT INTO `EMP` (`EMP_NUM`, `EMP_TITLE`, `EMP_LNAME`, `EMP_FNAME`, `EMP_INITIAL`, `EMP_DOB`, `EMP_HIRE_DATE`, `EMP_AREACODE`, `EMP_PHONE`, `EMP_MGR`) VALUES (110, 'Mrs.', 'Genkazi', 'Leighla', 'W', '1970-05-19 00:00:00', '1990-12-01 00:00:00', '901', '569-0093', 108);
INSERT INTO `EMP` (`EMP_NUM`, `EMP_TITLE`, `EMP_LNAME`, `EMP_FNAME`, `EMP_INITIAL`, `EMP_DOB`, `EMP_HIRE_DATE`, `EMP_AREACODE`, `EMP_PHONE`, `EMP_MGR`) VALUES (111, 'Mr.', 'Washington', 'Rupert', 'E', '1966-01-03 00:00:00', '1993-06-21 00:00:00', '615', '890-4925', 105);
INSERT INTO `EMP` (`EMP_NUM`, `EMP_TITLE`, `EMP_LNAME`, `EMP_FNAME`, `EMP_INITIAL`, `EMP_DOB`, `EMP_HIRE_DATE`, `EMP_AREACODE`, `EMP_PHONE`, `EMP_MGR`) VALUES (112, 'Mr.', 'Johnson', 'Edward', 'E', '1961-05-14 00:00:00', '1983-12-01 00:00:00', '615', '898-4387', 100);
INSERT INTO `EMP` (`EMP_NUM`, `EMP_TITLE`, `EMP_LNAME`, `EMP_FNAME`, `EMP_INITIAL`, `EMP_DOB`, `EMP_HIRE_DATE`, `EMP_AREACODE`, `EMP_PHONE`, `EMP_MGR`) VALUES (113, 'Ms.', 'Smythe', 'Melanie', 'P', '1970-09-15 00:00:00', '1999-05-11 00:00:00', '615', '324-9006', 105);
INSERT INTO `EMP` (`EMP_NUM`, `EMP_TITLE`, `EMP_LNAME`, `EMP_FNAME`, `EMP_INITIAL`, `EMP_DOB`, `EMP_HIRE_DATE`, `EMP_AREACODE`, `EMP_PHONE`, `EMP_MGR`) VALUES (114, 'Ms.', 'Brandon', 'Marie', 'G', '1956-11-02 00:00:00', '1979-11-15 00:00:00', '901', '882-0845', 108);
INSERT INTO `EMP` (`EMP_NUM`, `EMP_TITLE`, `EMP_LNAME`, `EMP_FNAME`, `EMP_INITIAL`, `EMP_DOB`, `EMP_HIRE_DATE`, `EMP_AREACODE`, `EMP_PHONE`, `EMP_MGR`) VALUES (115, 'Mrs.', 'Saranda', 'Hermine', 'R', '1972-07-25 00:00:00', '1993-04-23 00:00:00', '615', '324-5505', 105);
INSERT INTO `EMP` (`EMP_NUM`, `EMP_TITLE`, `EMP_LNAME`, `EMP_FNAME`, `EMP_INITIAL`, `EMP_DOB`, `EMP_HIRE_DATE`, `EMP_AREACODE`, `EMP_PHONE`, `EMP_MGR`) VALUES (116, 'Mr.', 'Smith', 'George', 'A', '1965-11-08 00:00:00', '1988-12-10 00:00:00', '615', '890-2984', 108);
# 17 records

#
# Table structure for table 'EMPLOYEE'
#

DROP TABLE IF EXISTS `EMPLOYEE`;

CREATE TABLE `EMPLOYEE` (
  `EMP_NUM` INTEGER NOT NULL DEFAULT 0, 
  `EMP_TITLE` VARCHAR(4), 
  `EMP_LNAME` VARCHAR(15), 
  `EMP_FNAME` VARCHAR(15), 
  `EMP_INITIAL` VARCHAR(1), 
  `EMP_DOB` DATETIME, 
  `EMP_HIRE_DATE` DATETIME, 
  `EMP_YEARS` INTEGER DEFAULT 0, 
  `EMP_AREACODE` VARCHAR(3), 
  `EMP_PHONE` VARCHAR(8), 
  INDEX (`EMP_AREACODE`), 
  PRIMARY KEY (`EMP_NUM`)
) ENGINE=myisam DEFAULT CHARSET=utf8;

SET autocommit=1;

#
# Dumping data for table 'EMPLOYEE'
#

INSERT INTO `EMPLOYEE` (`EMP_NUM`, `EMP_TITLE`, `EMP_LNAME`, `EMP_FNAME`, `EMP_INITIAL`, `EMP_DOB`, `EMP_HIRE_DATE`, `EMP_YEARS`, `EMP_AREACODE`, `EMP_PHONE`) VALUES (100, 'Mr.', 'Kolmycz', 'George', 'D', '1942-06-15 00:00:00', '1985-03-15 00:00:00', 18, '615', '324-5456');
INSERT INTO `EMPLOYEE` (`EMP_NUM`, `EMP_TITLE`, `EMP_LNAME`, `EMP_FNAME`, `EMP_INITIAL`, `EMP_DOB`, `EMP_HIRE_DATE`, `EMP_YEARS`, `EMP_AREACODE`, `EMP_PHONE`) VALUES (101, 'Ms.', 'Lewis', 'Rhonda', 'G', '1965-03-19 00:00:00', '1986-04-25 00:00:00', 16, '615', '324-4472');
INSERT INTO `EMPLOYEE` (`EMP_NUM`, `EMP_TITLE`, `EMP_LNAME`, `EMP_FNAME`, `EMP_INITIAL`, `EMP_DOB`, `EMP_HIRE_DATE`, `EMP_YEARS`, `EMP_AREACODE`, `EMP_PHONE`) VALUES (102, 'Mr.', 'VanDam', 'Rhett', NULL, '1958-11-14 00:00:00', '1990-12-20 00:00:00', 12, '901', '675-8993');
INSERT INTO `EMPLOYEE` (`EMP_NUM`, `EMP_TITLE`, `EMP_LNAME`, `EMP_FNAME`, `EMP_INITIAL`, `EMP_DOB`, `EMP_HIRE_DATE`, `EMP_YEARS`, `EMP_AREACODE`, `EMP_PHONE`) VALUES (103, 'Ms.', 'Jones', 'Anne', 'M', '1974-10-16 00:00:00', '1994-08-28 00:00:00', 8, '615', '898-3456');
INSERT INTO `EMPLOYEE` (`EMP_NUM`, `EMP_TITLE`, `EMP_LNAME`, `EMP_FNAME`, `EMP_INITIAL`, `EMP_DOB`, `EMP_HIRE_DATE`, `EMP_YEARS`, `EMP_AREACODE`, `EMP_PHONE`) VALUES (104, 'Mr.', 'Lange', 'John', 'P', '1971-11-08 00:00:00', '1994-10-20 00:00:00', 8, '901', '504-4430');
INSERT INTO `EMPLOYEE` (`EMP_NUM`, `EMP_TITLE`, `EMP_LNAME`, `EMP_FNAME`, `EMP_INITIAL`, `EMP_DOB`, `EMP_HIRE_DATE`, `EMP_YEARS`, `EMP_AREACODE`, `EMP_PHONE`) VALUES (105, 'Mr.', 'Williams', 'Robert', 'D', '1975-03-14 00:00:00', '1998-11-08 00:00:00', 4, '615', '890-3220');
INSERT INTO `EMPLOYEE` (`EMP_NUM`, `EMP_TITLE`, `EMP_LNAME`, `EMP_FNAME`, `EMP_INITIAL`, `EMP_DOB`, `EMP_HIRE_DATE`, `EMP_YEARS`, `EMP_AREACODE`, `EMP_PHONE`) VALUES (106, 'Mrs.', 'Smith', 'Jeanine', 'K', '1968-02-12 00:00:00', '1989-01-05 00:00:00', 14, '615', '324-7883');
INSERT INTO `EMPLOYEE` (`EMP_NUM`, `EMP_TITLE`, `EMP_LNAME`, `EMP_FNAME`, `EMP_INITIAL`, `EMP_DOB`, `EMP_HIRE_DATE`, `EMP_YEARS`, `EMP_AREACODE`, `EMP_PHONE`) VALUES (107, 'Mr.', 'Diante', 'Jorge', 'D', '1974-08-21 00:00:00', '1994-07-02 00:00:00', 8, '615', '890-4567');
INSERT INTO `EMPLOYEE` (`EMP_NUM`, `EMP_TITLE`, `EMP_LNAME`, `EMP_FNAME`, `EMP_INITIAL`, `EMP_DOB`, `EMP_HIRE_DATE`, `EMP_YEARS`, `EMP_AREACODE`, `EMP_PHONE`) VALUES (108, 'Mr.', 'Wiesenbach', 'Paul', 'R', '1966-02-14 00:00:00', '1992-11-18 00:00:00', 10, '615', '897-4358');
INSERT INTO `EMPLOYEE` (`EMP_NUM`, `EMP_TITLE`, `EMP_LNAME`, `EMP_FNAME`, `EMP_INITIAL`, `EMP_DOB`, `EMP_HIRE_DATE`, `EMP_YEARS`, `EMP_AREACODE`, `EMP_PHONE`) VALUES (109, 'Mr.', 'Smith', 'George', 'K', '1961-06-18 00:00:00', '1989-04-14 00:00:00', 13, '901', '504-3339');
INSERT INTO `EMPLOYEE` (`EMP_NUM`, `EMP_TITLE`, `EMP_LNAME`, `EMP_FNAME`, `EMP_INITIAL`, `EMP_DOB`, `EMP_HIRE_DATE`, `EMP_YEARS`, `EMP_AREACODE`, `EMP_PHONE`) VALUES (110, 'Mrs.', 'Genkazi', 'Leighla', 'W', '1970-05-19 00:00:00', '1990-12-01 00:00:00', 12, '901', '569-0093');
INSERT INTO `EMPLOYEE` (`EMP_NUM`, `EMP_TITLE`, `EMP_LNAME`, `EMP_FNAME`, `EMP_INITIAL`, `EMP_DOB`, `EMP_HIRE_DATE`, `EMP_YEARS`, `EMP_AREACODE`, `EMP_PHONE`) VALUES (111, 'Mr.', 'Washington', 'Rupert', 'E', '1966-01-03 00:00:00', '1993-06-21 00:00:00', 9, '615', '890-4925');
INSERT INTO `EMPLOYEE` (`EMP_NUM`, `EMP_TITLE`, `EMP_LNAME`, `EMP_FNAME`, `EMP_INITIAL`, `EMP_DOB`, `EMP_HIRE_DATE`, `EMP_YEARS`, `EMP_AREACODE`, `EMP_PHONE`) VALUES (112, 'Mr.', 'Johnson', 'Edward', 'E', '1961-05-14 00:00:00', '1983-12-01 00:00:00', 19, '615', '898-4387');
INSERT INTO `EMPLOYEE` (`EMP_NUM`, `EMP_TITLE`, `EMP_LNAME`, `EMP_FNAME`, `EMP_INITIAL`, `EMP_DOB`, `EMP_HIRE_DATE`, `EMP_YEARS`, `EMP_AREACODE`, `EMP_PHONE`) VALUES (113, 'Ms.', 'Smythe', 'Melanie', 'P', '1970-09-15 00:00:00', '1999-05-11 00:00:00', 3, '615', '324-9006');
INSERT INTO `EMPLOYEE` (`EMP_NUM`, `EMP_TITLE`, `EMP_LNAME`, `EMP_FNAME`, `EMP_INITIAL`, `EMP_DOB`, `EMP_HIRE_DATE`, `EMP_YEARS`, `EMP_AREACODE`, `EMP_PHONE`) VALUES (114, 'Ms.', 'Brandon', 'Marie', 'G', '1956-11-02 00:00:00', '1979-11-15 00:00:00', 23, '901', '882-0845');
INSERT INTO `EMPLOYEE` (`EMP_NUM`, `EMP_TITLE`, `EMP_LNAME`, `EMP_FNAME`, `EMP_INITIAL`, `EMP_DOB`, `EMP_HIRE_DATE`, `EMP_YEARS`, `EMP_AREACODE`, `EMP_PHONE`) VALUES (115, 'Mrs.', 'Saranda', 'Hermine', 'R', '1972-07-25 00:00:00', '1993-04-23 00:00:00', 9, '615', '324-5505');
INSERT INTO `EMPLOYEE` (`EMP_NUM`, `EMP_TITLE`, `EMP_LNAME`, `EMP_FNAME`, `EMP_INITIAL`, `EMP_DOB`, `EMP_HIRE_DATE`, `EMP_YEARS`, `EMP_AREACODE`, `EMP_PHONE`) VALUES (116, 'Mr.', 'Smith', 'George', 'A', '1965-11-08 00:00:00', '1988-12-10 00:00:00', 14, '615', '890-2984');
# 17 records

#
# Table structure for table 'INVOICE'
#

DROP TABLE IF EXISTS `INVOICE`;

CREATE TABLE `INVOICE` (
  `INV_NUMBER` INTEGER NOT NULL DEFAULT 0, 
  `CUS_CODE` INTEGER DEFAULT 0, 
  `INV_DATE` DATETIME, 
  INDEX (`CUS_CODE`), 
  PRIMARY KEY (`INV_NUMBER`)
) ENGINE=myisam DEFAULT CHARSET=utf8;

SET autocommit=1;

#
# Dumping data for table 'INVOICE'
#

INSERT INTO `INVOICE` (`INV_NUMBER`, `CUS_CODE`, `INV_DATE`) VALUES (1001, 10014, '2018-01-16 00:00:00');
INSERT INTO `INVOICE` (`INV_NUMBER`, `CUS_CODE`, `INV_DATE`) VALUES (1002, 10011, '2018-01-16 00:00:00');
INSERT INTO `INVOICE` (`INV_NUMBER`, `CUS_CODE`, `INV_DATE`) VALUES (1003, 10012, '2018-01-16 00:00:00');
INSERT INTO `INVOICE` (`INV_NUMBER`, `CUS_CODE`, `INV_DATE`) VALUES (1004, 10011, '2018-01-17 00:00:00');
INSERT INTO `INVOICE` (`INV_NUMBER`, `CUS_CODE`, `INV_DATE`) VALUES (1005, 10018, '2018-01-17 00:00:00');
INSERT INTO `INVOICE` (`INV_NUMBER`, `CUS_CODE`, `INV_DATE`) VALUES (1006, 10014, '2018-01-17 00:00:00');
INSERT INTO `INVOICE` (`INV_NUMBER`, `CUS_CODE`, `INV_DATE`) VALUES (1007, 10015, '2018-01-17 00:00:00');
INSERT INTO `INVOICE` (`INV_NUMBER`, `CUS_CODE`, `INV_DATE`) VALUES (1008, 10011, '2018-01-17 00:00:00');
# 8 records

#
# Table structure for table 'LINE'
#

DROP TABLE IF EXISTS `LINE`;

CREATE TABLE `LINE` (
  `INV_NUMBER` INTEGER NOT NULL DEFAULT 0, 
  `LINE_NUMBER` INTEGER NOT NULL DEFAULT 0, 
  `P_CODE` VARCHAR(10), 
  `LINE_UNITS` DOUBLE NULL DEFAULT 0, 
  `LINE_PRICE` FLOAT NULL DEFAULT 0, 
  PRIMARY KEY (`INV_NUMBER`, `LINE_NUMBER`)
) ENGINE=myisam DEFAULT CHARSET=utf8;

SET autocommit=1;

#
# Dumping data for table 'LINE'
#

INSERT INTO `LINE` (`INV_NUMBER`, `LINE_NUMBER`, `P_CODE`, `LINE_UNITS`, `LINE_PRICE`) VALUES (1001, 1, '13-Q2/P2', 1, 14.99);
INSERT INTO `LINE` (`INV_NUMBER`, `LINE_NUMBER`, `P_CODE`, `LINE_UNITS`, `LINE_PRICE`) VALUES (1001, 2, '23109-HB', 1, 9.95);
INSERT INTO `LINE` (`INV_NUMBER`, `LINE_NUMBER`, `P_CODE`, `LINE_UNITS`, `LINE_PRICE`) VALUES (1002, 1, '54778-2T', 2, 4.99);
INSERT INTO `LINE` (`INV_NUMBER`, `LINE_NUMBER`, `P_CODE`, `LINE_UNITS`, `LINE_PRICE`) VALUES (1003, 1, '2238/QPD', 1, 38.95);
INSERT INTO `LINE` (`INV_NUMBER`, `LINE_NUMBER`, `P_CODE`, `LINE_UNITS`, `LINE_PRICE`) VALUES (1003, 2, '1546-QQ2', 1, 39.95);
INSERT INTO `LINE` (`INV_NUMBER`, `LINE_NUMBER`, `P_CODE`, `LINE_UNITS`, `LINE_PRICE`) VALUES (1003, 3, '13-Q2/P2', 5, 14.99);
INSERT INTO `LINE` (`INV_NUMBER`, `LINE_NUMBER`, `P_CODE`, `LINE_UNITS`, `LINE_PRICE`) VALUES (1004, 1, '54778-2T', 3, 4.99);
INSERT INTO `LINE` (`INV_NUMBER`, `LINE_NUMBER`, `P_CODE`, `LINE_UNITS`, `LINE_PRICE`) VALUES (1004, 2, '23109-HB', 2, 9.95);
INSERT INTO `LINE` (`INV_NUMBER`, `LINE_NUMBER`, `P_CODE`, `LINE_UNITS`, `LINE_PRICE`) VALUES (1005, 1, 'PVC23DRT', 12, 5.87);
INSERT INTO `LINE` (`INV_NUMBER`, `LINE_NUMBER`, `P_CODE`, `LINE_UNITS`, `LINE_PRICE`) VALUES (1006, 1, 'SM-18277', 3, 6.99);
INSERT INTO `LINE` (`INV_NUMBER`, `LINE_NUMBER`, `P_CODE`, `LINE_UNITS`, `LINE_PRICE`) VALUES (1006, 2, '2232/QTY', 1, 109.92);
INSERT INTO `LINE` (`INV_NUMBER`, `LINE_NUMBER`, `P_CODE`, `LINE_UNITS`, `LINE_PRICE`) VALUES (1006, 3, '23109-HB', 1, 9.95);
INSERT INTO `LINE` (`INV_NUMBER`, `LINE_NUMBER`, `P_CODE`, `LINE_UNITS`, `LINE_PRICE`) VALUES (1006, 4, '89-WRE-Q', 1, 256.99);
INSERT INTO `LINE` (`INV_NUMBER`, `LINE_NUMBER`, `P_CODE`, `LINE_UNITS`, `LINE_PRICE`) VALUES (1007, 1, '13-Q2/P2', 2, 14.99);
INSERT INTO `LINE` (`INV_NUMBER`, `LINE_NUMBER`, `P_CODE`, `LINE_UNITS`, `LINE_PRICE`) VALUES (1007, 2, '54778-2T', 1, 4.99);
INSERT INTO `LINE` (`INV_NUMBER`, `LINE_NUMBER`, `P_CODE`, `LINE_UNITS`, `LINE_PRICE`) VALUES (1008, 1, 'PVC23DRT', 5, 5.87);
INSERT INTO `LINE` (`INV_NUMBER`, `LINE_NUMBER`, `P_CODE`, `LINE_UNITS`, `LINE_PRICE`) VALUES (1008, 2, 'WR3/TT3', 3, 119.95);
INSERT INTO `LINE` (`INV_NUMBER`, `LINE_NUMBER`, `P_CODE`, `LINE_UNITS`, `LINE_PRICE`) VALUES (1008, 3, '23109-HB', 1, 9.95);
# 18 records

#
# Table structure for table 'PRODUCT'
#

DROP TABLE IF EXISTS `PRODUCT`;

CREATE TABLE `PRODUCT` (
  `P_CODE` VARCHAR(10) NOT NULL, 
  `P_DESCRIPT` VARCHAR(35), 
  `P_INDATE` DATETIME, 
  `P_QOH` INTEGER DEFAULT 0, 
  `P_MIN` INTEGER DEFAULT 0, 
  `P_PRICE` DECIMAL(18,2) DEFAULT 0, 
  `P_DISCOUNT` DOUBLE NULL DEFAULT 0, 
  `V_CODE` INTEGER DEFAULT 0, 
  PRIMARY KEY (`P_CODE`), 
  INDEX (`V_CODE`)
) ENGINE=myisam DEFAULT CHARSET=utf8;

SET autocommit=1;

#
# Dumping data for table 'PRODUCT'
#

INSERT INTO `PRODUCT` (`P_CODE`, `P_DESCRIPT`, `P_INDATE`, `P_QOH`, `P_MIN`, `P_PRICE`, `P_DISCOUNT`, `V_CODE`) VALUES ('11QER/31', 'Power painter, 15 psi., 3-nozzle', '2017-11-03 00:00:00', 8, 5, 109.99, 0, 25595);
INSERT INTO `PRODUCT` (`P_CODE`, `P_DESCRIPT`, `P_INDATE`, `P_QOH`, `P_MIN`, `P_PRICE`, `P_DISCOUNT`, `V_CODE`) VALUES ('13-Q2/P2', '7.25-in. pwr. saw blade', '2017-12-13 00:00:00', 32, 15, 14.99, .05, 21344);
INSERT INTO `PRODUCT` (`P_CODE`, `P_DESCRIPT`, `P_INDATE`, `P_QOH`, `P_MIN`, `P_PRICE`, `P_DISCOUNT`, `V_CODE`) VALUES ('14-Q1/L3', '9.00-in. pwr. saw blade', '2017-11-13 00:00:00', 18, 12, 17.49, 0, 21344);
INSERT INTO `PRODUCT` (`P_CODE`, `P_DESCRIPT`, `P_INDATE`, `P_QOH`, `P_MIN`, `P_PRICE`, `P_DISCOUNT`, `V_CODE`) VALUES ('1546-QQ2', 'Hrd. cloth, 1/4-in., 2x50', '2018-01-15 00:00:00', 15, 8, 39.95, 0, 23119);
INSERT INTO `PRODUCT` (`P_CODE`, `P_DESCRIPT`, `P_INDATE`, `P_QOH`, `P_MIN`, `P_PRICE`, `P_DISCOUNT`, `V_CODE`) VALUES ('1558-QW1', 'Hrd. cloth, 1/2-in., 3x50', '2018-01-15 00:00:00', 23, 5, 43.99, 0, 23119);
INSERT INTO `PRODUCT` (`P_CODE`, `P_DESCRIPT`, `P_INDATE`, `P_QOH`, `P_MIN`, `P_PRICE`, `P_DISCOUNT`, `V_CODE`) VALUES ('2232/QTY', 'B&D jigsaw, 12-in. blade', '2017-12-30 00:00:00', 8, 5, 109.92, .05, 24288);
INSERT INTO `PRODUCT` (`P_CODE`, `P_DESCRIPT`, `P_INDATE`, `P_QOH`, `P_MIN`, `P_PRICE`, `P_DISCOUNT`, `V_CODE`) VALUES ('2232/QWE', 'B&D jigsaw, 8-in. blade', '2017-12-24 00:00:00', 6, 5, 99.87, .05, 24288);
INSERT INTO `PRODUCT` (`P_CODE`, `P_DESCRIPT`, `P_INDATE`, `P_QOH`, `P_MIN`, `P_PRICE`, `P_DISCOUNT`, `V_CODE`) VALUES ('2238/QPD', 'B&D cordless drill, 1/2-in.', '2018-01-20 00:00:00', 12, 5, 38.95, .05, 25595);
INSERT INTO `PRODUCT` (`P_CODE`, `P_DESCRIPT`, `P_INDATE`, `P_QOH`, `P_MIN`, `P_PRICE`, `P_DISCOUNT`, `V_CODE`) VALUES ('23109-HB', 'Claw hammer', '2018-01-20 00:00:00', 23, 10, 9.95, .1, 21225);
INSERT INTO `PRODUCT` (`P_CODE`, `P_DESCRIPT`, `P_INDATE`, `P_QOH`, `P_MIN`, `P_PRICE`, `P_DISCOUNT`, `V_CODE`) VALUES ('23114-AA', 'Sledge hammer, 12 lb.', '2018-01-02 00:00:00', 8, 5, 14.4, .05, NULL);
INSERT INTO `PRODUCT` (`P_CODE`, `P_DESCRIPT`, `P_INDATE`, `P_QOH`, `P_MIN`, `P_PRICE`, `P_DISCOUNT`, `V_CODE`) VALUES ('54778-2T', 'Rat-tail file, 1/8-in. fine', '2017-12-15 00:00:00', 43, 20, 4.99, 0, 21344);
INSERT INTO `PRODUCT` (`P_CODE`, `P_DESCRIPT`, `P_INDATE`, `P_QOH`, `P_MIN`, `P_PRICE`, `P_DISCOUNT`, `V_CODE`) VALUES ('89-WRE-Q', 'Hicut chain saw, 16 in.', '2018-02-07 00:00:00', 11, 5, 256.99, .05, 24288);
INSERT INTO `PRODUCT` (`P_CODE`, `P_DESCRIPT`, `P_INDATE`, `P_QOH`, `P_MIN`, `P_PRICE`, `P_DISCOUNT`, `V_CODE`) VALUES ('PVC23DRT', 'PVC pipe, 3.5-in., 8-ft', '2018-02-20 00:00:00', 188, 75, 5.87, 0, NULL);
INSERT INTO `PRODUCT` (`P_CODE`, `P_DESCRIPT`, `P_INDATE`, `P_QOH`, `P_MIN`, `P_PRICE`, `P_DISCOUNT`, `V_CODE`) VALUES ('SM-18277', '1.25-in. metal screw, 25', '2018-03-01 00:00:00', 172, 75, 6.99, 0, 21225);
INSERT INTO `PRODUCT` (`P_CODE`, `P_DESCRIPT`, `P_INDATE`, `P_QOH`, `P_MIN`, `P_PRICE`, `P_DISCOUNT`, `V_CODE`) VALUES ('SW-23116', '2.5-in. wd. screw, 50', '2018-02-24 00:00:00', 237, 100, 8.45, 0, 21231);
INSERT INTO `PRODUCT` (`P_CODE`, `P_DESCRIPT`, `P_INDATE`, `P_QOH`, `P_MIN`, `P_PRICE`, `P_DISCOUNT`, `V_CODE`) VALUES ('WR3/TT3', 'Steel matting, 4\'x8\'x1/6\", .5\" mesh', '2018-01-17 00:00:00', 18, 5, 119.95, .1, 25595);
# 16 records

#
# Table structure for table 'VENDOR'
#

DROP TABLE IF EXISTS `VENDOR`;

CREATE TABLE `VENDOR` (
  `V_CODE` INTEGER NOT NULL DEFAULT 0, 
  `V_NAME` VARCHAR(15), 
  `V_CONTACT` VARCHAR(50), 
  `V_AREACODE` VARCHAR(3), 
  `V_PHONE` VARCHAR(8), 
  `V_STATE` VARCHAR(2), 
  `V_ORDER` VARCHAR(1), 
  PRIMARY KEY (`V_CODE`)
) ENGINE=myisam DEFAULT CHARSET=utf8;

SET autocommit=1;

#
# Dumping data for table 'VENDOR'
#

INSERT INTO `VENDOR` (`V_CODE`, `V_NAME`, `V_CONTACT`, `V_AREACODE`, `V_PHONE`, `V_STATE`, `V_ORDER`) VALUES (21225, 'Bryson, Inc.', 'Smithson', '615', '223-3234', 'TN', 'Y');
INSERT INTO `VENDOR` (`V_CODE`, `V_NAME`, `V_CONTACT`, `V_AREACODE`, `V_PHONE`, `V_STATE`, `V_ORDER`) VALUES (21226, 'SuperLoo, Inc.', 'Flushing', '904', '215-8995', 'FL', 'N');
INSERT INTO `VENDOR` (`V_CODE`, `V_NAME`, `V_CONTACT`, `V_AREACODE`, `V_PHONE`, `V_STATE`, `V_ORDER`) VALUES (21231, 'D&E Supply', 'Singh', '615', '228-3245', 'TN', 'Y');
INSERT INTO `VENDOR` (`V_CODE`, `V_NAME`, `V_CONTACT`, `V_AREACODE`, `V_PHONE`, `V_STATE`, `V_ORDER`) VALUES (21344, 'Gomez Bros.', 'Ortega', '615', '889-2546', 'KY', 'N');
INSERT INTO `VENDOR` (`V_CODE`, `V_NAME`, `V_CONTACT`, `V_AREACODE`, `V_PHONE`, `V_STATE`, `V_ORDER`) VALUES (22567, 'Dome Supply', 'Smith', '901', '678-1419', 'GA', 'N');
INSERT INTO `VENDOR` (`V_CODE`, `V_NAME`, `V_CONTACT`, `V_AREACODE`, `V_PHONE`, `V_STATE`, `V_ORDER`) VALUES (23119, 'Randsets Ltd.', 'Anderson', '901', '678-3998', 'GA', 'Y');
INSERT INTO `VENDOR` (`V_CODE`, `V_NAME`, `V_CONTACT`, `V_AREACODE`, `V_PHONE`, `V_STATE`, `V_ORDER`) VALUES (24004, 'Brackman Bros.', 'Browning', '615', '228-1410', 'TN', 'N');
INSERT INTO `VENDOR` (`V_CODE`, `V_NAME`, `V_CONTACT`, `V_AREACODE`, `V_PHONE`, `V_STATE`, `V_ORDER`) VALUES (24288, 'ORDVA, Inc.', 'Hakford', '615', '898-1234', 'TN', 'Y');
INSERT INTO `VENDOR` (`V_CODE`, `V_NAME`, `V_CONTACT`, `V_AREACODE`, `V_PHONE`, `V_STATE`, `V_ORDER`) VALUES (25443, 'B&K, Inc.', 'Smith', '904', '227-0093', 'FL', 'N');
INSERT INTO `VENDOR` (`V_CODE`, `V_NAME`, `V_CONTACT`, `V_AREACODE`, `V_PHONE`, `V_STATE`, `V_ORDER`) VALUES (25501, 'Damal Supplies', 'Smythe', '615', '890-3529', 'TN', 'N');
INSERT INTO `VENDOR` (`V_CODE`, `V_NAME`, `V_CONTACT`, `V_AREACODE`, `V_PHONE`, `V_STATE`, `V_ORDER`) VALUES (25595, 'Rubicon Systems', 'Orton', '904', '456-0092', 'FL', 'Y');
# 11 records

